"Authors","Author full names","Author(s) ID","Title","Year","Source title","Volume","Issue","Art. No.","Page start","Page end","Page count","Cited by","DOI","Link","Document Type","Publication Stage","Open Access","Source","EID"
"Elmouttie D.; Flinn P.; Kiermeier A.; Subramanyam B.; Hagstrum D.; Hamilton G.","Elmouttie, David (8579711400); Flinn, Paul (7006567348); Kiermeier, Andreas (8944668700); Subramanyam, Bhadriraju (7004276540); Hagstrum, David (7003614028); Hamilton, Grant (32667608900)","8579711400; 7006567348; 8944668700; 7004276540; 7003614028; 32667608900","Sampling stored-product insect pests: A comparison of four statistical sampling models for probability of pest detection","2013","Pest Management Science","69","9","","1073","1079","6","4","10.1002/ps.3469","https://www.scopus.com/inward/record.uri?eid=2-s2.0-84881030078&doi=10.1002%2fps.3469&partnerID=40&md5=188e836080424748b1829c169af9b46d","Article","Final","","Scopus","2-s2.0-84881030078"
"Luthmann L.; Gerecht T.; Lochau M.","Luthmann, Lars (57193568231); Gerecht, Timo (57205303163); Lochau, Malte (24802606700)","57193568231; 57205303163; 24802606700","Sampling strategies for product lines with unbounded parametric real-time constraints","2019","International Journal on Software Tools for Technology Transfer","21","6","","613","633","20","5","10.1007/s10009-019-00532-4","https://www.scopus.com/inward/record.uri?eid=2-s2.0-85073981857&doi=10.1007%2fs10009-019-00532-4&partnerID=40&md5=ae58bb368dfca5b04751d600eadeb47a","Article","Final","","Scopus","2-s2.0-85073981857"
"Guo J.; Yang D.; Siegmund N.; Apel S.; Sarkar A.; Valov P.; Czarnecki K.; Wasowski A.; Yu H.","Guo, Jianmei (55550120500); Yang, Dingyu (56138675600); Siegmund, Norbert (25825645900); Apel, Sven (8725218400); Sarkar, Atrisha (57197756994); Valov, Pavel (57190745047); Czarnecki, Krzysztof (6603948729); Wasowski, Andrzej (6602554078); Yu, Huiqun (55494828500)","55550120500; 56138675600; 25825645900; 8725218400; 57197756994; 57190745047; 6603948729; 6602554078; 55494828500","Data-efficient performance learning for configurable systems","2018","Empirical Software Engineering","23","3","","1826","1867","41","80","10.1007/s10664-017-9573-6","https://www.scopus.com/inward/record.uri?eid=2-s2.0-85034603171&doi=10.1007%2fs10664-017-9573-6&partnerID=40&md5=f5dc413b4f96ec456cac1c732fc6fa83","Article","Final","All Open Access; Green Open Access","Scopus","2-s2.0-85034603171"
"McCollough D.; Santhoshkumar A.; Das S.; Headrick W.J.","McCollough, David (57214246387); Santhoshkumar, Abhijith (57214246867); Das, Sreerupa (7406323962); Headrick, William J. (25927878500)","57214246387; 57214246867; 7406323962; 25927878500","Adaptive Predictive Modeling for Supply Chains","2019","AUTOTESTCON (Proceedings)","2019-January","","8961039","","","","1","10.1109/AUTOTESTCON43700.2019.8961039","https://www.scopus.com/inward/record.uri?eid=2-s2.0-85078536137&doi=10.1109%2fAUTOTESTCON43700.2019.8961039&partnerID=40&md5=46814b7b0abd46dc1e1b35bdaa1fcd7b","Conference paper","Final","","Scopus","2-s2.0-85078536137"
"Braz L.; Gheyi R.; Mongiovi M.; Ribeiro M.; Medeiros F.; Teixeira L.","Braz, Larissa (57517344000); Gheyi, Rohit (8365747700); Mongiovi, Melina (54395969100); Ribeiro, Márcio (57199329234); Medeiros, Flávio (55955340500); Teixeira, Leopoldo (36610918500)","57517344000; 8365747700; 54395969100; 57199329234; 55955340500; 36610918500","A change-centric approach to compile configurable systems with #ifdefs","2016","ACM SIGPLAN Notices","52","3","","109","119","10","2","10.1145/2993236.2993250","https://www.scopus.com/inward/record.uri?eid=2-s2.0-85084187957&doi=10.1145%2f2993236.2993250&partnerID=40&md5=ae675b504b27682e0fd3604bc677b330","Article","Final","","Scopus","2-s2.0-85084187957"
"Liu Z.; Li Q.; Sun H.; Wang J.","Liu, Zaihua (23492940800); Li, Qiang (55703515600); Sun, Hailong (56488906700); Wang, Jinliang (57261082600)","23492940800; 55703515600; 56488906700; 57261082600","Seasonal, diurnal and storm-scale hydrochemical variations of typical epikarst springs in subtropical karst areas of SW China: Soil CO2 and dilution effects","2007","Journal of Hydrology","337","1-2","","207","223","16","185","10.1016/j.jhydrol.2007.01.034","https://www.scopus.com/inward/record.uri?eid=2-s2.0-33947585584&doi=10.1016%2fj.jhydrol.2007.01.034&partnerID=40&md5=96aba1b118a252f4edc7bbd2a993a303","Article","Final","","Scopus","2-s2.0-33947585584"
"Chen Y.; Gu Y.; He L.; Xuan J.","Chen, Yuntianyi (57214078114); Gu, Yongfeng (57193075894); He, Lulu (55904247400); Xuan, Jifeng (25640418400)","57214078114; 57193075894; 55904247400; 25640418400","Regression models for performance ranking of configurable systems: A comparative study","2020","Lecture Notes in Computer Science (including subseries Lecture Notes in Artificial Intelligence and Lecture Notes in Bioinformatics)","12028 LNCS","","","243","258","15","3","10.1007/978-3-030-41418-4_17","https://www.scopus.com/inward/record.uri?eid=2-s2.0-85081599711&doi=10.1007%2f978-3-030-41418-4_17&partnerID=40&md5=4b5613a9a5e6e5885dfc9e4040781dd4","Conference paper","Final","","Scopus","2-s2.0-85081599711"
"Ha H.; Zhang H.","Ha, Huong (57225447616); Zhang, Hongyu (55685668500)","57225447616; 55685668500","DeepPerf: Performance Prediction for Configurable Software with Deep Sparse Neural Network","2019","Proceedings - International Conference on Software Engineering","2019-May","","8811988","1095","1106","11","84","10.1109/ICSE.2019.00113","https://www.scopus.com/inward/record.uri?eid=2-s2.0-85072296070&doi=10.1109%2fICSE.2019.00113&partnerID=40&md5=86756357c108de5a150d4a5e8f30dac1","Conference paper","Final","","Scopus","2-s2.0-85072296070"
"Kolesnikov S.; Siegmund N.; Kästner C.; Apel S.","Kolesnikov, Sergiy (36451024500); Siegmund, Norbert (25825645900); Kästner, Christian (35547901100); Apel, Sven (8725218400)","36451024500; 25825645900; 35547901100; 8725218400","On the relation of control-flow and performance feature interactions: a case study","2019","Empirical Software Engineering","24","4","","2410","2437","27","5","10.1007/s10664-019-09705-w","https://www.scopus.com/inward/record.uri?eid=2-s2.0-85069674469&doi=10.1007%2fs10664-019-09705-w&partnerID=40&md5=23f9045e0053fdebfea8b78e2ab526ac","Article","Final","","Scopus","2-s2.0-85069674469"
"Kaltenecker C.; Grebhahn A.; Siegmund N.; Guo J.; Apel S.","Kaltenecker, Christian (57211018678); Grebhahn, Alexander (42161301000); Siegmund, Norbert (25825645900); Guo, Jianmei (55550120500); Apel, Sven (8725218400)","57211018678; 42161301000; 25825645900; 55550120500; 8725218400","Distance-Based Sampling of Software Configuration Spaces","2020","Lecture Notes in Informatics (LNI), Proceedings - Series of the Gesellschaft fur Informatik (GI)","P-300","","","61","64","3","2","10.18420/SE2020_17","https://www.scopus.com/inward/record.uri?eid=2-s2.0-85138680922&doi=10.18420%2fSE2020_17&partnerID=40&md5=d038285559fb3da6f9196361dfc530c5","Conference paper","Final","","Scopus","2-s2.0-85138680922"
"Al-Hajjaji M.; Meinicke J.; Krieter S.; Schröter R.; Thüm T.; Leich T.; Saake G.","Al-Hajjaji, Mustafa (57204343420); Meinicke, Jens (55292756600); Krieter, Sebastian (57186595700); Schröter, Reimar (42161869000); Thüm, Thomas (35761739500); Leich, Thomas (13005454000); Saake, Gunter (7004621677)","57204343420; 55292756600; 57186595700; 42161869000; 35761739500; 13005454000; 7004621677","Tool demo: Testing configurable systems with FeatureIDE","2016","ACM SIGPLAN Notices","52","3","","173","177","4","7","10.1145/2993236.2993254","https://www.scopus.com/inward/record.uri?eid=2-s2.0-85084174792&doi=10.1145%2f2993236.2993254&partnerID=40&md5=e6369cc2c16d9af98dc990f4ff62a8f5","Article","Final","","Scopus","2-s2.0-85084174792"
"Braz L.; Gheyi R.; Mongiovi M.; Ribeiro M.; Medeiros F.; Teixeira L.","Braz, Larissa (57517344000); Gheyi, Rohit (8365747700); Mongiovi, Melina (54395969100); Ribeiro, Márcio (57199329234); Medeiros, Flávio (55955340500); Teixeira, Leopoldo (36610918500)","57517344000; 8365747700; 54395969100; 57199329234; 55955340500; 36610918500","A change-centric approach to compile configurable systems with #ifdefs","2016","GPCE 2016 - Proceedings of the 2016 ACM SIGPLAN International Conference on Generative Programming: Concepts and Experiences, co-located with SPLASH 2016","","","","109","119","10","6","10.1145/2993236.2993250","https://www.scopus.com/inward/record.uri?eid=2-s2.0-85006713639&doi=10.1145%2f2993236.2993250&partnerID=40&md5=566606807e9956f8f603c4f711d2607a","Conference paper","Final","","Scopus","2-s2.0-85006713639"
"Mustafa A.-H.; Meinicke J.; Krieter S.; Schroter R.; Thum T.; Leich T.; Saake G.","Mustafa, Al-Hajjaji (57192557517); Meinicke, Jens (55292756600); Krieter, Sebastian (57186595700); Schroter, Reimar (42161869000); Thum, Thomas (35761739500); Leich, Thomas (13005454000); Saake, Gunter (7004621677)","57192557517; 55292756600; 57186595700; 42161869000; 35761739500; 13005454000; 7004621677","Tool Demo: Testing configurable systems with featureIDE","2016","GPCE 2016 - Proceedings of the 2016 ACM SIGPLAN International Conference on Generative Programming: Concepts and Experiences, co-located with SPLASH 2016","","","","173","177","4","16","10.1145/2993236.2993254","https://www.scopus.com/inward/record.uri?eid=2-s2.0-85006699789&doi=10.1145%2f2993236.2993254&partnerID=40&md5=c4484f71c8abc1acd06350353c23a0b1","Conference paper","Final","","Scopus","2-s2.0-85006699789"
"Pereira J.A.; Acher M.; Martin H.; Jézéquel J.-M.; Botterweck G.; Ventresque A.","Pereira, Juliana Alves (56023378200); Acher, Mathieu (35758465800); Martin, Hugo (57211178917); Jézéquel, Jean-Marc (35618077100); Botterweck, Goetz (24460344700); Ventresque, Anthony (23468296300)","56023378200; 35758465800; 57211178917; 35618077100; 24460344700; 23468296300","Learning software configuration spaces: A systematic literature review","2021","Journal of Systems and Software","182","","111044","","","","43","10.1016/j.jss.2021.111044","https://www.scopus.com/inward/record.uri?eid=2-s2.0-85114450561&doi=10.1016%2fj.jss.2021.111044&partnerID=40&md5=ecba3100562f3148699814dafb924493","Article","Final","All Open Access; Bronze Open Access; Green Open Access","Scopus","2-s2.0-85114450561"
"Meng H.-Z.; Proano E.A.; Buhidma I.M.; Mach J.M.","Meng, Hai-Zui (7202278981); Proano, Eduardo Antonio (6602726633); Buhidma, Ismail M. (6506244264); Mach, Joe M. (7102318167)","7202278981; 6602726633; 6506244264; 7102318167","Production systems analysis of vertically fractured wells","1982","Society of Petroleum Engineers - SPE Unconventional Gas Recovery Symposium, UGR 1982","","","","491","498","7","24","","https://www.scopus.com/inward/record.uri?eid=2-s2.0-85057849268&partnerID=40&md5=1baaca541b5a6408a1089bcc638820d1","Conference paper","Final","","Scopus","2-s2.0-85057849268"
"Valov P.; Guo J.; Czarnecki K.","Valov, Pavel (57190745047); Guo, Jianmei (55550120500); Czarnecki, Krzysztof (6603948729)","57190745047; 55550120500; 6603948729","Empirical comparison of regression methods for variability-aware performance prediction","2015","ACM International Conference Proceeding Series","20-24-July-2015","","","186","190","4","27","10.1145/2791060.2791069","https://www.scopus.com/inward/record.uri?eid=2-s2.0-84982833647&doi=10.1145%2f2791060.2791069&partnerID=40&md5=06c071a0c1ea3fc95080571792b8b83b","Conference paper","Final","","Scopus","2-s2.0-84982833647"
"Zhang Y.-Y.; Zhang H.-B.; Liu N.-Y.","Zhang, Ying-Ying (55739907400); Zhang, Hong-Bin (57192483370); Liu, Nai-You (56193146200)","55739907400; 57192483370; 56193146200","A predictive model of solid oxide fuel cell stacks for thermal mangement","2013","Proceedings - International Conference on Natural Computation","","","6818076","755","759","4","0","10.1109/ICNC.2013.6818076","https://www.scopus.com/inward/record.uri?eid=2-s2.0-84901752564&doi=10.1109%2fICNC.2013.6818076&partnerID=40&md5=499fab517caaee1d8a8209c3d5cbe323","Conference paper","Final","","Scopus","2-s2.0-84901752564"
"Gu Y.; Chen Y.; Jia X.; Xuan J.","Gu, Yongfeng (57193075894); Chen, Yuntianyi (57214078114); Jia, X. (13905127100); Xuan, Jifeng (25640418400)","57193075894; 57214078114; 13905127100; 25640418400","Multi-Objective Configuration Sampling for Performance Ranking in Configurable Systems","2019","Proceedings - Asia-Pacific Software Engineering Conference, APSEC","2019-December","","8945705","150","157","7","1","10.1109/APSEC48747.2019.00029","https://www.scopus.com/inward/record.uri?eid=2-s2.0-85078126370&doi=10.1109%2fAPSEC48747.2019.00029&partnerID=40&md5=6820340db0f6427b9308e19b41cd56ab","Conference paper","Final","","Scopus","2-s2.0-85078126370"
"Siegmund N.; Grebhahn A.; Apel S.; Kästner C.","Siegmund, Norbert (25825645900); Grebhahn, Alexander (42161301000); Apel, Sven (8725218400); Kästner, Christian (35547901100)","25825645900; 42161301000; 8725218400; 35547901100","Performance-influence models for highly configurable systems","2015","2015 10th Joint Meeting of the European Software Engineering Conference and the ACM SIGSOFT Symposium on the Foundations of Software Engineering, ESEC/FSE 2015 - Proceedings","","","","284","294","10","202","10.1145/2786805.2786845","https://www.scopus.com/inward/record.uri?eid=2-s2.0-84960388769&doi=10.1145%2f2786805.2786845&partnerID=40&md5=ae7f072168fadcd086bc525ea86f6d51","Conference paper","Final","All Open Access; Green Open Access","Scopus","2-s2.0-84960388769"
"Kolesnikov S.; Siegmund N.; Kästner C.; Grebhahn A.; Apel S.","Kolesnikov, Sergiy (36451024500); Siegmund, Norbert (25825645900); Kästner, Christian (35547901100); Grebhahn, Alexander (42161301000); Apel, Sven (8725218400)","36451024500; 25825645900; 35547901100; 42161301000; 8725218400","Tradeoffs in modeling performance of highly configurable software systems","2019","Software and Systems Modeling","18","3","","2265","2283","18","37","10.1007/s10270-018-0662-9","https://www.scopus.com/inward/record.uri?eid=2-s2.0-85041547498&doi=10.1007%2fs10270-018-0662-9&partnerID=40&md5=013a67ff11f375a216678f6cd182cfd5","Article","Final","","Scopus","2-s2.0-85041547498"
"Grebhahn A.; Rodrigo C.; Siegmund N.; Gaspar F.J.; Apel S.","Grebhahn, Alexander (42161301000); Rodrigo, Carmen (25028647200); Siegmund, Norbert (25825645900); Gaspar, Francisco J. (6604020629); Apel, Sven (8725218400)","42161301000; 25028647200; 25825645900; 6604020629; 8725218400","Performance-influence models of multigrid methods: A case study on triangular grids","2017","Concurrency and Computation: Practice and Experience","29","17","e4057","","","","16","10.1002/cpe.4057","https://www.scopus.com/inward/record.uri?eid=2-s2.0-85011324301&doi=10.1002%2fcpe.4057&partnerID=40&md5=10d0286c45d08574b3bfc7036bf025a6","Conference paper","Final","","Scopus","2-s2.0-85011324301"
"Martin H.; Pereira J.A.; Acher M.; Temple P.","Martin, Hugo (57211178917); Pereira, Juliana Alves (56023378200); Acher, Mathieu (35758465800); Temple, Paul (25825750000)","57211178917; 56023378200; 35758465800; 25825750000","Machine learning and configurable systems: A gentle introduction","2019","ACM International Conference Proceeding Series","A","","","","","","1","10.1145/3336294.3342383","https://www.scopus.com/inward/record.uri?eid=2-s2.0-85123042973&doi=10.1145%2f3336294.3342383&partnerID=40&md5=d45220b180b27930c53a4da203e80661","Conference paper","Final","All Open Access; Green Open Access","Scopus","2-s2.0-85123042973"
"Lesoil L.; Acher M.; Térnava X.; Blouin A.; Jézéquel J.-M.","Lesoil, Luc (57222037142); Acher, Mathieu (35758465800); Térnava, Xhevahire (57194207220); Blouin, Arnaud (23134699800); Jézéquel, Jean-Marc (35618077100)","57222037142; 35758465800; 57194207220; 23134699800; 35618077100","The interplay of compile-time and run-time options for performance prediction","2021","ACM International Conference Proceeding Series","Part F171624-A","","","100","111","11","12","10.1145/3461001.3471149","https://www.scopus.com/inward/record.uri?eid=2-s2.0-85115307672&doi=10.1145%2f3461001.3471149&partnerID=40&md5=cfa51bfbc5b897878dbb63daaba516f2","Conference paper","Final","All Open Access; Green Open Access","Scopus","2-s2.0-85115307672"
"Alves Pereira J.; Acher M.; Martin H.; Jézéquel J.-M.","Alves Pereira, Juliana (56023378200); Acher, Mathieu (35758465800); Martin, Hugo (57211178917); Jézéquel, Jean-Marc (35618077100)","56023378200; 35758465800; 57211178917; 35618077100","Sampling effect on performance prediction of configurable systems: A case study","2020","ICPE 2020 - Proceedings of the ACM/SPEC International Conference on Performance Engineering","","","","277","288","11","43","10.1145/3358960.3379137","https://www.scopus.com/inward/record.uri?eid=2-s2.0-85085937290&doi=10.1145%2f3358960.3379137&partnerID=40&md5=8a19c36f93492287147e78e72bd0c59c","Conference paper","Final","","Scopus","2-s2.0-85085937290"
"Ha H.; Zhang H.","Ha, Huong (57225447616); Zhang, Hongyu (55685668500)","57225447616; 55685668500","Performance-Influence Model for Highly Configurable Software with Fourier Learning and Lasso Regression","2019","Proceedings - 2019 IEEE International Conference on Software Maintenance and Evolution, ICSME 2019","","","8919029","470","480","10","24","10.1109/ICSME.2019.00080","https://www.scopus.com/inward/record.uri?eid=2-s2.0-85077205596&doi=10.1109%2fICSME.2019.00080&partnerID=40&md5=6f28790900e746691a835334da7890d3","Conference paper","Final","","Scopus","2-s2.0-85077205596"
"Braz L.; Gheyi R.; Mongiovi M.; Ribeiro M.; Medeiros F.; Teixeira L.; Souto S.","Braz, Larissa (57517344000); Gheyi, Rohit (8365747700); Mongiovi, Melina (54395969100); Ribeiro, Márcio (57199329234); Medeiros, Flávio (55955340500); Teixeira, Leopoldo (36610918500); Souto, Sabrina (57189030908)","57517344000; 8365747700; 54395969100; 57199329234; 55955340500; 36610918500; 57189030908","A change-aware per-file analysis to compile configurable systems with #ifdefs","2018","Computer Languages, Systems and Structures","54","","","427","450","23","3","10.1016/j.cl.2018.01.002","https://www.scopus.com/inward/record.uri?eid=2-s2.0-85041572417&doi=10.1016%2fj.cl.2018.01.002&partnerID=40&md5=ba8e7595d0c7cc08bd445a1564e7c2c4","Article","Final","","Scopus","2-s2.0-85041572417"
"Danovaro R.; Gambi C.; Manini E.; Fabiano M.","Danovaro, R. (7004303561); Gambi, C. (56265513100); Manini, E. (6602189233); Fabiano, M. (7006110071)","7004303561; 56265513100; 6602189233; 7006110071","Meiofauna response to a dynamic river plume front","2000","Marine Biology","137","2","","359","370","11","69","10.1007/s002270000353","https://www.scopus.com/inward/record.uri?eid=2-s2.0-0033804434&doi=10.1007%2fs002270000353&partnerID=40&md5=aae204d1bb431c4ae337f5331fb69c3b","Article","Final","","Scopus","2-s2.0-0033804434"
"Halin A.; Nuttinck A.; Acher M.; Devroey X.; Perrouin G.; Baudry B.","Halin, Axel (57193561260); Nuttinck, Alexandre (57193565696); Acher, Mathieu (35758465800); Devroey, Xavier (55445261100); Perrouin, Gilles (8248069000); Baudry, Benoit (57203847520)","57193561260; 57193565696; 35758465800; 55445261100; 8248069000; 57203847520","Test them all, is it worth it? Assessing configuration sampling on the JHipster Web development stack","2019","Empirical Software Engineering","24","2","","674","717","43","58","10.1007/s10664-018-9635-4","https://www.scopus.com/inward/record.uri?eid=2-s2.0-85049998068&doi=10.1007%2fs10664-018-9635-4&partnerID=40&md5=d29c2c908949a5b70a4a608b7e4a9dcf","Article","Final","All Open Access; Green Open Access; Hybrid Gold Open Access","Scopus","2-s2.0-85049998068"
"Gustafson M.Lee; Romig Bernard E.","Gustafson, M.Lee (7006299409); Romig, Bernard E. (6507901801)","7006299409; 6507901801","PERFORMANCE MODELING OF CABLE AND GRAPPLE SKIDDERS.","1985","Paper - American Society of Agricultural Engineers","","","","","","11","0","","https://www.scopus.com/inward/record.uri?eid=2-s2.0-0022334055&partnerID=40&md5=8644425e181254b0fdb0b8678b9512a2","Conference paper","Final","","Scopus","2-s2.0-0022334055"
"Valov P.; Guo J.; Czarnecki K.","Valov, Pavel (57190745047); Guo, Jianmei (55550120500); Czarnecki, Krzysztof (6603948729)","57190745047; 55550120500; 6603948729","Transferring pareto frontiers across heterogeneous hardware environments","2020","ICPE 2020 - Proceedings of the ACM/SPEC International Conference on Performance Engineering","","","","12","23","11","8","10.1145/3358960.3379127","https://www.scopus.com/inward/record.uri?eid=2-s2.0-85085938507&doi=10.1145%2f3358960.3379127&partnerID=40&md5=eb0451b913d04bba8d1b5120f1e2c269","Conference paper","Final","","Scopus","2-s2.0-85085938507"
"Zwietering M.H.; Hasting A.P.M.","Zwietering, M.H. (7003652036); Hasting, A.P.M. (6603052376)","7003652036; 6603052376","Modelling the hygienic processing of foods - A global process overview","1997","Food and Bioproducts Processing: Transactions of the Institution of of Chemical Engineers, Part C","75","3","","159","167","8","22","10.1205/096030897531504","https://www.scopus.com/inward/record.uri?eid=2-s2.0-0002560262&doi=10.1205%2f096030897531504&partnerID=40&md5=9b0d72d7d0c47b9ec1669ebda06bd64a","Article","Final","","Scopus","2-s2.0-0002560262"
"Ferreira F.; Vale G.; Diniz J.P.; Figueiredo E.","Ferreira, Fischer (57200225072); Vale, Gustavo (56023110600); Diniz, João P. (57190374225); Figueiredo, Eduardo (18433988600)","57200225072; 56023110600; 57190374225; 18433988600","Evaluating T-wise testing strategies in a community-wide dataset of configurable software systems","2021","Journal of Systems and Software","179","","110990","","","","17","10.1016/j.jss.2021.110990","https://www.scopus.com/inward/record.uri?eid=2-s2.0-85106269170&doi=10.1016%2fj.jss.2021.110990&partnerID=40&md5=b588a76ee06011838fe6c1ecc8d7d3c5","Article","Final","","Scopus","2-s2.0-85106269170"
"Kaltenecker C.; Grebhahn A.; Siegmund N.; Guo J.; Apel S.","Kaltenecker, Christian (57211018678); Grebhahn, Alexander (42161301000); Siegmund, Norbert (25825645900); Guo, Jianmei (55550120500); Apel, Sven (8725218400)","57211018678; 42161301000; 25825645900; 55550120500; 8725218400","Distance-Based Sampling of Software Configuration Spaces","2019","Proceedings - International Conference on Software Engineering","2019-May","","8812049","1084","1094","10","81","10.1109/ICSE.2019.00112","https://www.scopus.com/inward/record.uri?eid=2-s2.0-85062345445&doi=10.1109%2fICSE.2019.00112&partnerID=40&md5=71d36cfab5860bb7aa9115117e32dd00","Conference paper","Final","","Scopus","2-s2.0-85062345445"
"Zhang Y.; Guo J.; Blais E.; Czarnecki K.","Zhang, Yi (57000201000); Guo, Jianmei (55550120500); Blais, Eric (14041279700); Czarnecki, Krzysztof (6603948729)","57000201000; 55550120500; 14041279700; 6603948729","Performance prediction of configurable software systems by fourier learning","2016","Proceedings - 2015 30th IEEE/ACM International Conference on Automated Software Engineering, ASE 2015","","","7372025","365","373","8","69","10.1109/ASE.2015.15","https://www.scopus.com/inward/record.uri?eid=2-s2.0-84963807853&doi=10.1109%2fASE.2015.15&partnerID=40&md5=6bcbfe40c20cd0b980399f2b29231110","Conference paper","Final","","Scopus","2-s2.0-84963807853"
"Sarkar A.; Guo J.; Siegmund N.; Apel S.; Czarnecki K.","Sarkar, Atri (57197756994); Guo, Jianmei (55550120500); Siegmund, Norbert (25825645900); Apel, Sven (8725218400); Czarnecki, Krzysztof (6603948729)","57197756994; 55550120500; 25825645900; 8725218400; 6603948729","Cost-efficient sampling for performance prediction of configurable systems","2016","Proceedings - 2015 30th IEEE/ACM International Conference on Automated Software Engineering, ASE 2015","","","7372023","342","352","10","122","10.1109/ASE.2015.45","https://www.scopus.com/inward/record.uri?eid=2-s2.0-84963815450&doi=10.1109%2fASE.2015.45&partnerID=40&md5=71ca63c6251026190356682a97c06917","Conference paper","Final","","Scopus","2-s2.0-84963815450"
"Chiong M.S.; Rajoo S.; Martinez-Botas R.F.; Palenschat T.; Weitzman P.; Anderson M.; Ebel T.","Chiong, Meng Soon (54894266600); Rajoo, Srithar (14631016500); Martinez-Botas, Ricardo F. (6602567970); Palenschat, Torsten (57195591963); Weitzman, Peter (57211983216); Anderson, Mark (56303686600); Ebel, Thiago (57205546075)","54894266600; 14631016500; 6602567970; 57195591963; 57211983216; 56303686600; 57205546075","Meanline modeling of asymmetrical twin-scroll turbine: Loss coefficient transferability between turbines of different sizes","2019","Proceedings of the ASME Turbo Expo","2B-2019","","","","","","0","10.1115/GT2019-91982","https://www.scopus.com/inward/record.uri?eid=2-s2.0-85075565128&doi=10.1115%2fGT2019-91982&partnerID=40&md5=be79e26efb6b432316a3ea86af1d4446","Conference paper","Final","","Scopus","2-s2.0-85075565128"
"Shu Y.; Sui Y.; Zhang H.; Xu G.","Shu, Yangyang (57211168040); Sui, Yulei (54788439800); Zhang, Hongyu (55685668500); Xu, Guandong (8987733300)","57211168040; 54788439800; 55685668500; 8987733300","Perf-AL: Performance prediction for configurable software through adversarial learning","2020","International Symposium on Empirical Software Engineering and Measurement","","","3410677","","","","9","10.1145/3382494.3410677","https://www.scopus.com/inward/record.uri?eid=2-s2.0-85095809113&doi=10.1145%2f3382494.3410677&partnerID=40&md5=cc3d70a089f48e2d3ed22366663e8bd4","Conference paper","Final","All Open Access; Green Open Access","Scopus","2-s2.0-85095809113"
"Xuan J.; Gu Y.; Ren Z.; Jia X.; Fan Q.","Xuan, Jifeng (25640418400); Gu, Yongfeng (57193075894); Ren, Zhilei (25640088200); Jia, Xiangyang (13905127100); Fan, Qingna (57203399604)","25640418400; 57193075894; 25640088200; 13905127100; 57203399604","Genetic configuration sampling: Learning a sampling strategy for fault detection of configurable systems","2018","GECCO 2018 Companion - Proceedings of the 2018 Genetic and Evolutionary Computation Conference Companion","","","","1624","1631","7","7","10.1145/3205651.3208267","https://www.scopus.com/inward/record.uri?eid=2-s2.0-85051473697&doi=10.1145%2f3205651.3208267&partnerID=40&md5=455c867a96253fbab90c8823257e502b","Conference paper","Final","","Scopus","2-s2.0-85051473697"
